index,First Name,Last Name,Age,Gender
0,Farhan,Shafiq,29,Male
1,Rajib,,45,Male
2,Jhinuk,Afrin,24,
3,Nabila,Momtarin,23,Female
4,Mahmud,Sarker,29,Male
5,Nila,Merchant,27,Female
6,Farhan,Shafiq,29,Male
7,Rajib,Hawlader,45,Male
8,Jhinuk,Afrin,24,Female
9,Nabila,Momtarin,,Female
10,Mahmud,Sarker,29,Male
11,, Merchant,27,Female
12,Farhan,Shafiq,29,Male
13,,Hawlader,45,Male
14,Jhinuk,Afrin,24,Female
15,Nabila,Momtarin,23,Female
16,Mahmud,,29,Male
17,Nila,Merchant,27,Female
18,Farhan,Shafiq,29,
19,,Hawlader,45,Male
20,Jhinuk,Afrin,24,Female
21,Nabila,,23,Female
22,Mahmud,Sarker,,Male
23,Nila, Merchant,,Female
24,Farhan,Shafiq,,Male
25,Rajib,Hawlader,Male,
26,Jhinuk,Afrin,24,Female
27,Nabila,Momtarin,23,Female
28,Mahmud,Sarker,29,Male
29,Nila,Merchant,27,Female
30,Farhan,Shafiq,29,Male
31,Rajib,Hawlader,45,Male
32,Jhinuk,Afrin,24,Female
33,Nabila,Momtarin,23,Female
34,Mahmud,Sarker,29,Male
35,Nila,Merchant,27,Female
