F Name,L Name,Age,Gender
First Name,Last Name,Age,Gender
Farhan,Shafiq,29,Male
Rajib,,45,Male
Jhinuk,Afrin,24,
Nabila,Momtarin,23,Female
Mahmud,Sarker,29,Male
Nila,Merchant,27,Female
Farhan,Shafiq,29,Male
Rajib,Hawlader,45,Male
Jhinuk,Afrin,24,Female
Nabila,Momtarin,,Female
Mahmud,Sarker,29,Male
, Merchant,27,Female
Farhan,Shafiq,29,Male
,Hawlader,45,Male
Jhinuk,Afrin,24,Female
Nabila,Momtarin,23,Female
Mahmud,,29,Male
Nila,Merchant,27,Female
Farhan,Shafiq,29,
,Hawlader,45,Male
Jhinuk,Afrin,24,Female
Nabila,,23,Female
Mahmud,Sarker,,Male
Nila, Merchant,,Female
Farhan,Shafiq,,Male
Rajib,Hawlader,Male,
Jhinuk,Afrin,24,Female
Nabila,Momtarin,23,Female
Mahmud,Sarker,29,Male
Nila,Merchant,27,Female
Farhan,Shafiq,29,Male
Rajib,Hawlader,45,Male
Jhinuk,Afrin,24,Female
Nabila,Momtarin,23,Female
Mahmud,Sarker,29,Male
Nila,Merchant,27,Female
